<!doctype html>
<html lang="en">
<head>
  <meta charset="utf-8" />
  <meta name="viewport" content="width=device-width,initial-scale=1" />
  <title>Privacy Policy — Green Canopy</title>
  <link rel="stylesheet" href="../css/reset.css" />
  <link rel="stylesheet" href="../css/style.css" />
</head>
<body>
  <main class="container">
    <h1>Privacy Policy</h1>
    <p>Last updated: 2025-11-19</p>
    <p>Green Canopy respects your privacy. We collect only basic contact information (name and email) when you sign up for our mailing list or contact us. We do not sell personal data. For any requests about personal data, please email <a href="mailto:info@greencanopy.org">info@greencanopy.org</a>.</p>
    <h2>How we use information</h2>
    <ul>
      <li>To send newsletters and event invitations</li>
      <li>To respond to contact requests</li>
    </ul>
    <h2>Cookies</h2>
    <p>We use minimal cookies for site functionality only.</p>
    <p>For full legal compliance, review with a legal advisor and adapt for your jurisdiction.</p>
  </main>
</body>
</html>
