<!doctype html>
<html lang="en">
<head>
  <meta charset="utf-8" />
  <meta name="viewport" content="width=device-width,initial-scale=1" />
  <title>Terms & Conditions — Green Canopy</title>
  <link rel="stylesheet" href="../css/reset.css" />
  <link rel="stylesheet" href="../css/style.css" />
</head>
<body>
  <main class="container">
    <h1>Terms & Conditions</h1>
    <p>Last updated: 2025-11-19</p>
    <p>These terms set out the rules for use of the Green Canopy website. By using our site you agree to these terms. Green Canopy does not accept liability for third-party sites linked from this website. Activities organised by Green Canopy (planting days, events) have their own separate terms which volunteers must agree to before participation.</p>
    <p>For donations or formal partnerships a specific agreement will be provided.</p>
  </main>
</body>
</html>
